Country,Name,Latitude,Longitude,Unit,Type,Model,Net Capacity /MW,Gross Capacity /MW
Argentina,Atucha,-33.96722222,-59.2075,1,PHWR,Siemens-KWU,335,362
Argentina,Atucha,-33.96722222,-59.2075,2,PHWR,Siemens-KWU,692,745
Argentina,Embalse,-32.232,-64.443,1,PHWR,CANDU-6,600,648
Armenia,Metsamor,40.18084444,44.14890833,2,PWR,VVER-440 V-270,375,408
Belgium,Doel,51.32472222,4.258611111,1,PWR,"WH, 2 loops",433,454
Belgium,Doel,51.32472222,4.258611111,2,PWR,"WH, 2 loops",433,454
Belgium,Doel,51.32472222,4.258611111,3,PWR,"Framatome, 3-loops",1006,1056
Belgium,Doel,51.32472222,4.258611111,4,PWR,"Belgian firms plus WH, 3 loops",1039,1090
Belgium,Tihange,50.53462778,5.272533333,1,PWR,"Framatome, 3 loops",962,1009
Belgium,Tihange,50.53462778,5.272533333,2,PWR,"Framatome, 3-loops",1008,1055
Belgium,Tihange,50.53462778,5.272533333,3,PWR,"Belgian firms plus WH, 3 loops",1046,1089
Brazil,Angra,-23.00833333,-44.45722222,1,PWR,Westinghouse (WH) 2 loops,609,640
Brazil,Angra,-23.00833333,-44.45722222,2,PWR,Pre-Konvoi [de],1275,1350
Bulgaria,Kozloduy,43.74611111,23.77055556,5,PWR,VVER-1000/V-320,963,1000
Bulgaria,Kozloduy,43.74611111,23.77055556,6,PWR,VVER-1000/V-320,963,1000
Canada,Pickering,43.81166667,-79.06583333,1,PHWR,CANDU,515,542
Canada,Pickering,43.81166667,-79.06583333,4,PHWR,CANDU,515,542
Canada,Pickering,43.81166667,-79.06583333,5,PHWR,CANDU,516,540
Canada,Pickering,43.81166667,-79.06583333,6,PHWR,CANDU,516,540
Canada,Pickering,43.81166667,-79.06583333,7,PHWR,CANDU,516,540
Canada,Pickering,43.81166667,-79.06583333,8,PHWR,CANDU,516,540
Canada,Darlington,43.87277778,-78.71972222,1,PHWR,CANDU,878,934
Canada,Darlington,43.87277778,-78.71972222,2,PHWR,CANDU,878,934
Canada,Darlington,43.87277778,-78.71972222,3,PHWR,CANDU,878,934
Canada,Darlington,43.87277778,-78.71972222,4,PHWR,CANDU,878,934
Canada,Bruce,44.32527778,-81.59944444,1,PHWR,CANDU,750,805
Canada,Bruce,44.32527778,-81.59944444,2,PHWR,CANDU,750,805
Canada,Bruce,44.32527778,-81.59944444,3,PHWR,CANDU,750,805
Canada,Bruce,44.32527778,-81.59944444,4,PHWR,CANDU,750,805
Canada,Bruce,44.32527778,-81.59944444,5,PHWR,CANDU,795,845
Canada,Bruce,44.32527778,-81.59944444,6,PHWR,CANDU,822,872
Canada,Bruce,44.32527778,-81.59944444,7,PHWR,CANDU,822,872
Canada,Bruce,44.32527778,-81.59944444,8,PHWR,CANDU,795,845
Canada,Point Lepreau,45.06888889,-66.45472222,1,PHWR,CANDU,635,660
China,Changjiang,19.46075,108.8999167,I-1,PWR,CNP-600,610,650
China,Changjiang,19.46075,108.8999167,I-2,PWR,CNP-600,610,650
China,Daya Bay (Guangdong),22.59722222,114.5444444,1,PWR,M-310,944,984
China,Daya Bay (Guangdong),22.59722222,114.5444444,2,PWR,M-310,944,984
China,Fangchenggang,21.67083333,108.5583333,1,PWR,CPR-1000,1000,1080
China,Fangchenggang,21.67083333,108.5583333,2,PWR,CPR-1000,1000,1080
China,Fangjiashan,30.441342,120.941758,1,PWR,CPR-1000,1000,1080
China,Fangjiashan,30.441342,120.941758,2,PWR,CPR-1000,1000,1080
China,Fuqing,25.44583333,119.4472222,1,PWR,CPR-1000,1000,1080
China,Fuqing,25.44583333,119.4472222,2,PWR,CPR-1000,1000,1080
China,Fuqing,25.44583333,119.4472222,3,PWR,CPR-1000,1000,1080
China,Fuqing,25.44583333,119.4472222,4,PWR,CPR-1000,1000,1080
China,Fuqing,25.44583333,119.4472222,5,PWR,Hualong-1,1080,1150
China,Haiyang,36.70833333,121.3833333,1,PWR,AP-1000,1100,1250
China,Haiyang,36.70833333,121.3833333,2,PWR,AP-1000,1100,1250
China,Hongyanhe I,39.79583333,121.4805556,1,PWR,CPR-1000,1061,1119
China,Hongyanhe I,39.79583333,121.4805556,2,PWR,CPR-1000,1061,1119
China,Hongyanhe I,39.79583333,121.4805556,3,PWR,CPR-1000,1000,1080
China,Hongyanhe I,39.79583333,121.4805556,4,PWR,CPR-1000,1000,1080
China,Ling Ao I,22.60478889,114.5514889,1,PWR,M-310,950,990
China,Ling Ao I,22.60478889,114.5514889,2,PWR,M-310,950,990
China,Ling Ao I,22.60478889,114.5514889,3,PWR,CPR-1000,1007,1086
China,Ling Ao I,22.60478889,114.5514889,4,PWR,CPR-1000,1007,1086
China,Ningde I,27.04444444,120.2833333,1,PWR,CPR-1000,1018,1087
China,Ningde I,27.04444444,120.2833333,2,PWR,CPR-1000,1018,1080
China,Ningde I,27.04444444,120.2833333,3,PWR,CPR-1000,1018,1080
China,Ningde I,27.04444444,120.2833333,4,PWR,CPR-1000,1018,1080
China,Qinshan,30.43305556,120.95,I-1,PWR,CNP-300,298,310
China,Qinshan,30.43305556,120.95,II-1,PWR,CNP-600,610,650
China,Qinshan,30.43305556,120.95,II-2,PWR,CNP-600,610,650
China,Qinshan,30.43305556,120.95,II-3,PWR,CNP-600,610,650
China,Qinshan,30.43305556,120.95,II-4,PWR,CNP-600,610,650
China,Qinshan,30.43305556,120.95,III-1,PHWR,CANDU-6,650,728
China,Qinshan,30.43305556,120.95,III-2,PHWR,CANDU-6,650,728
China,Sanmen,29.10111111,121.6419444,1,PWR,AP-1000,1000,1250
China,Sanmen,29.10111111,121.6419444,2,PWR,AP-1000,1000,1250
China,Taishan,21.91777778,112.9819444,1,PWR,EPR,1660,1750
China,Taishan,21.91777778,112.9819444,2,PWR,EPR,1660,1750
China,Tianwan,34.68694444,119.4597222,1,PWR,VVER-1000,990,1060
China,Tianwan,34.68694444,119.4597222,2,PWR,VVER-1000,990,1060
China,Tianwan,34.68694444,119.4597222,3,PWR,VVER-1000,1060,1126
China,Tianwan,34.68694444,119.4597222,4,PWR,VVER-1000,990,1060
China,Tianwan,34.68694444,119.4597222,5,PWR,ACPR-1000,1000,1080
China,Yangjiang,21.70833333,112.2611111,1,PWR,CPR-1000,1000,1086
China,Yangjiang,21.70833333,112.2611111,2,PWR,CPR-1000,1000,1086
China,Yangjiang,21.70833333,112.2611111,3,PWR,CPR-1000+,1000,1086
China,Yangjiang,21.70833333,112.2611111,4,PWR,CPR-1000+,1000,1086
China,Yangjiang,21.70833333,112.2611111,5,PWR,ACPR-1000,1000,1086
China,Yangjiang,21.70833333,112.2611111,6,PWR,ACPR-1000,1000,1086
Czech Republic,Dukovany,49.085,16.14888889,1,PWR,VVER-440 V-213,468,500
Czech Republic,Dukovany,49.085,16.14888889,2,PWR,VVER-440 V-213,471,500
Czech Republic,Dukovany,49.085,16.14888889,3,PWR,VVER-440 V-213,468,500
Czech Republic,Dukovany,49.085,16.14888889,4,PWR,VVER-440 V-213,471,500
Czech Republic,Temelín,49.18,14.37611111,1,PWR,VVER-1000,1003,1056
Czech Republic,Temelín,49.18,14.37611111,2,PWR,VVER-1000,1003,1056
Finland,Loviisa,60.37222222,26.34722222,1,PWR,VVER-440/V-213,496,520
Finland,Loviisa,60.37222222,26.34722222,2,PWR,VVER-440/V-213,496,520
Finland,Olkiluoto,61.23694444,21.44083333,1,BWR,"ASEA-III, BWR-2500",880,910
Finland,Olkiluoto,61.23694444,21.44083333,2,BWR,"ASEA-III, BWR-2500",880,910
France,Belleville,47.50972222,2.875,1,PWR,P4 REP 1300,1310,1363
France,Belleville,47.50972222,2.875,2,PWR,P4 REP 1300,1310,1363
France,Blayais,45.25583333,-0.693055556,1,PWR,CP1,910,951
France,Blayais,45.25583333,-0.693055556,2,PWR,CP1,910,951
France,Blayais,45.25583333,-0.693055556,3,PWR,CP1,910,951
France,Blayais,45.25583333,-0.693055556,4,PWR,CP1,910,951
France,Bugey,45.79833333,5.270833333,2,PWR,CP0,910,945
France,Bugey,45.79833333,5.270833333,3,PWR,CP0,910,945
France,Bugey,45.79833333,5.270833333,4,PWR,CP0,880,917
France,Bugey,45.79833333,5.270833333,5,PWR,CP0,880,917
France,Cattenom,49.41583333,6.218055556,1,PWR,P4 REP 1300,1300,1362
France,Cattenom,49.41583333,6.218055556,2,PWR,P4 REP 1300,1300,1362
France,Cattenom,49.41583333,6.218055556,3,PWR,P4 REP 1300,1300,1362
France,Cattenom,49.41583333,6.218055556,4,PWR,P4 REP 1300,1300,1362
France,Chinon,47.2325,0.1703,B-1,PWR,CP2,905,954
France,Chinon,47.2325,0.1703,B-2,PWR,CP2,905,954
France,Chinon,47.2325,0.1703,B-3,PWR,CP2,905,954
France,Chinon,47.2325,0.1703,B-4,PWR,CP2,905,954
France,Chooz,50.09,4.789444444,B-1,PWR,N4 REP 1450,1500,1560
France,Chooz,50.09,4.789444444,B-2,PWR,N4 REP 1450,1500,1560
France,Civaux,46.45666667,0.652777778,1,PWR,N4 REP 1450,1495,1561
France,Civaux,46.45666667,0.652777778,2,PWR,N4 REP 1450,1495,1561
France,Cruas,44.63305556,4.756666667,1,PWR,CP2,915,956
France,Cruas,44.63305556,4.756666667,2,PWR,CP2,915,956
France,Cruas,44.63305556,4.756666667,3,PWR,CP2,915,956
France,Cruas,44.63305556,4.756666667,4,PWR,CP2,915,956
France,Dampierre,47.73305556,2.516666667,1,PWR,CP1,890,937
France,Dampierre,47.73305556,2.516666667,2,PWR,CP1,890,937
France,Dampierre,47.73305556,2.516666667,3,PWR,CP1,890,937
France,Dampierre,47.73305556,2.516666667,4,PWR,CP1,890,937
France,Flamanville,49.53638889,-1.881666667,1,PWR,P4 REP 1300,1330,1382
France,Flamanville,49.53638889,-1.881666667,2,PWR,P4 REP 1300,1330,1382
France,Golfech,44.10666667,0.845277778,1,PWR,P4 REP 1300,1310,1363
France,Golfech,44.10666667,0.845277778,2,PWR,P4 REP 1300,1310,1363
France,Gravelines,51.01527778,2.136111111,1,PWR,CP1,910,951
France,Gravelines,51.01527778,2.136111111,2,PWR,CP1,910,951
France,Gravelines,51.01527778,2.136111111,3,PWR,CP1,910,951
France,Gravelines,51.01527778,2.136111111,4,PWR,CP1,910,951
France,Gravelines,51.01527778,2.136111111,5,PWR,CP1,910,951
France,Gravelines,51.01527778,2.136111111,6,PWR,CP1,910,951
France,Nogent,48.51527778,3.517777778,1,PWR,P4 REP 1300,1310,1363
France,Nogent,48.51527778,3.517777778,2,PWR,P4 REP 1300,1310,1363
France,Paluel,49.85805556,0.635555556,1,PWR,P4 REP 1300,1330,1382
France,Paluel,49.85805556,0.635555556,2,PWR,P4 REP 1300,1330,1382
France,Paluel,49.85805556,0.635555556,3,PWR,P4 REP 1300,1330,1382
France,Paluel,49.85805556,0.635555556,4,PWR,P4 REP 1300,1330,1382
France,Penly,49.97666667,1.211944444,1,PWR,P4 REP 1300,1330,1382
France,Penly,49.97666667,1.211944444,2,PWR,P4 REP 1300,1330,1382
France,Saint-Alban,45.40444444,4.755277778,1,PWR,P4 REP 1300,1335,1381
France,Saint-Alban,45.40444444,4.755277778,2,PWR,P4 REP 1300,1335,1381
France,Saint-Laurent,47.72,1.5775,B-1,PWR,CP2,915,956
France,Saint-Laurent,47.72,1.5775,B-2,PWR,CP2,915,956
France,Tricastin,44.32972222,4.732222222,1,PWR,CP1,915,955
France,Tricastin,44.32972222,4.732222222,2,PWR,CP1,915,955
France,Tricastin,44.32972222,4.732222222,3,PWR,CP1,915,955
France,Tricastin,44.32972222,4.732222222,4,PWR,CP1,915,955
Germany,Brokdorf,53.85083333,9.344722222,1,PWR,KWU,1410,1480
Germany,Emsland,52.47423056,7.317858333,1,PWR,Konvoi (KWU),1329,1400
Germany,Grohnde,52.03527778,9.413333333,1,PWR,KWU,1360,1430
Germany,Gundremmingen,48.51472222,10.40222222,3,BWR,BWR-72 (KWU),1288,1344
Germany,Isar,48.60560556,12.29315,2,PWR,Konvoi (KWU),1410,1485
Germany,Neckarwestheim,49.04166667,9.175,2,PWR,Konvoi (KWU),1310,1400
Hungary,Paks,46.5725,18.85416667,1,PWR,VVER-440 V-213,470,500
Hungary,Paks,46.5725,18.85416667,2,PWR,VVER V-213,473,500
Hungary,Paks,46.5725,18.85416667,3,PWR,VVER V-213,473,500
Hungary,Paks,46.5725,18.85416667,4,PWR,VVER V-213,471,500
India,Kaiga,14.86532222,74.43964167,1,PHWR,IPHWR-220[43],202,220
India,Kaiga,14.86532222,74.43964167,2,PHWR,IPHWR-220[43],202,220
India,Kaiga,14.86532222,74.43964167,3,PHWR,IPHWR-220[43],202,220
India,Kaiga,14.86532222,74.43964167,4,PHWR,IPHWR-220[43],202,220
India,Kakrapar,21.23861111,73.35,1,PHWR,IPHWR-220[43],202,220
India,Kakrapar,21.23861111,73.35,2,PHWR,IPHWR-220[43],202,220
India,Kudankulam,8.168888889,77.7125,1,PWR,VVER-1000,932,1000
India,Kudankulam,8.168888889,77.7125,2,PWR,VVER-1000,932,1000
India,Madras,12.5575,80.175,1,PHWR,IPHWR-220[43],205,220
India,Madras,12.5575,80.175,2,PHWR,IPHWR-220[43],205,220
India,Narora,28.15805556,78.40944444,1,PHWR,IPHWR-220[43],202,220
India,Narora,28.15805556,78.40944444,2,PHWR,IPHWR-220[43],202,220
India,Rajasthan,24.87222222,75.61388889,2,PHWR,CANDU/IPHWR-220[43],187,200
India,Rajasthan,24.87222222,75.61388889,3,PHWR,IPHWR-220[43],202,220
India,Rajasthan,24.87222222,75.61388889,4,PHWR,IPHWR-220[43],202,220
India,Rajasthan,24.87222222,75.61388889,5,PHWR,IPHWR-220[43],202,220
India,Rajasthan,24.87222222,75.61388889,6,PHWR,IPHWR-220[43],202,220
India,Tarapur,19.82898056,72.66120556,1,BWR,"BWR-1, Mark 1",150,160
India,Tarapur,19.82898056,72.66120556,2,BWR,"BWR-1, Mark 1",150,160
India,Tarapur,19.82898056,72.66120556,3,PHWR,IPHWR-540,490,540
India,Tarapur,19.82898056,72.66120556,4,PHWR,IPHWR-540,490,540
Iran,Bushehr,28.82962222,50.88596111,1,PWR,VVER-1000,915,1000
Japan,Genkai,33.51555556,129.8372222,3,PWR,Mitsubishi (4-loop),1127,1180
Japan,Genkai,33.51555556,129.8372222,4,PWR,Mitsubishi (4-loop),1127,1180
Japan,Ikata,33.49083333,132.3113889,3,PWR,Mitsubishi (3-loop),846,890
Japan,Ōi,35.540625,135.6520333,3,PWR,Mitsubishi (4-loop),1127,1180
Japan,Ōi,35.540625,135.6520333,4,PWR,Mitsubishi (4-loop),1127,1180
Japan,Sendai,31.83361111,130.1897222,1,PWR,M (3-loop),846,890
Japan,Sendai,31.83361111,130.1897222,2,PWR,Mitsubishi (3-loop),846,890
Japan,Takahama,35.52199167,135.5039556,3,PWR,Mitsubishi (3-loop),830,870
Japan,Takahama,35.52199167,135.5039556,4,PWR,Mitsubishi (3-loop),830,870
Mexico,Laguna Verde,19.72083333,-96.40638889,1,BWR,BWR-5,665,700
Mexico,Laguna Verde,19.72083333,-96.40638889,2,BWR,BWR-5,665,700
Netherlands,Borssele,51.43083333,3.718333333,1,PWR,KWU - PWR,482,515
Pakistan,Chashma,32.39027778,71.4625,1,PWR,CNP-300,300,325
Pakistan,Chashma,32.39027778,71.4625,2,PWR,CNP-300,300,325
Pakistan,Chashma,32.39027778,71.4625,3,PWR,CNP-300,315,340
Pakistan,Chashma,32.39027778,71.4625,4,PWR,CNP-300,315,340
Pakistan,Karachi,24.84716667,66.78825,1,PHWR,CANDU-137 MW,90,100
Romania,Cernavodă,44.32222222,28.05722222,1,PHWR,CANDU-6,650,706
Romania,Cernavodă,44.32222222,28.05722222,2,PHWR,CANDU-6,650,705
Russia,Akademik Lomonosov,69.7,170.316667,1,PWR,KLT-40S,32,35
Russia,Akademik Lomonosov,69.7,170.316667,2,PWR,KLT-40S,32,35
Russia,Balakovo,52.09111111,47.95527778,1,PWR,VVER-1000,950,1000
Russia,Balakovo,52.09111111,47.95527778,2,PWR,VVER-1000,950,1000
Russia,Balakovo,52.09111111,47.95527778,3,PWR,VVER-1000,950,1000
Russia,Balakovo,52.09111111,47.95527778,4,PWR,VVER-1000,950,1000
Russia,Beloyarsk,56.84166667,61.3225,3,SFR,BN-600,560,600
Russia,Beloyarsk,56.84166667,61.3225,4,SFR,BN-800,789,864
Russia,Bilibino,68.05027778,166.5386111,2,LWGR,EGP-6,11,12
Russia,Bilibino,68.05027778,166.5386111,3,LWGR,EGP-6,11,12
Russia,Bilibino,68.05027778,166.5386111,4,LWGR,EGP-6,11,12
Russia,Kalinin,57.90555556,35.06027778,1,PWR,VVER-1000,950,1000
Russia,Kalinin,57.90555556,35.06027778,2,PWR,VVER-1000,950,1000
Russia,Kalinin,57.90555556,35.06027778,3,PWR,VVER-1000,950,1000
Russia,Kalinin,57.90555556,35.06027778,4,PWR,VVER-1000,950,1000
Russia,Kola,67.46666667,32.46666667,1,PWR,VVER-440 V-230,441,440
Russia,Kola,67.46666667,32.46666667,2,PWR,VVER-440 V-230,441,440
Russia,Kola,67.46666667,32.46666667,3,PWR,VVER-440 V-213,441,440
Russia,Kola,67.46666667,32.46666667,4,PWR,VVER-440 V-213,441,440
Russia,Kursk,51.675,35.60555556,1,LWGR,RBMK-1000,925,1000
Russia,Kursk,51.675,35.60555556,2,LWGR,RBMK-1000,925,1000
Russia,Kursk,51.675,35.60555556,3,LWGR,RBMK-1000,925,1000
Russia,Kursk,51.675,35.60555556,4,LWGR,RBMK-1000,925,1000
Russia,Leningrad,59.84722222,29.04361111,3,LWGR,RBMK-1000,925,1000
Russia,Leningrad,59.84722222,29.04361111,4,LWGR,RBMK-1000,925,1000
Russia,Leningrad II,59.84722222,29.04361111,1,PWR,VVER-1200,1085,1187
Russia,Novovoronezh,51.275,39.2,4,PWR,VVER 440 V-179,385,417
Russia,Novovoronezh,51.275,39.2,5,PWR,VVER-1000,950,1000
Russia,Novovoronezh II,51.275,39.2,1,PWR,VVER-1200,1114,1180
Russia,Novovoronezh II,51.275,39.2,2,PWR,VVER-1200,1114,1195
Russia,Rostov,47.59934167,42.37187778,1,PWR,VVER-1000,950,1000
Russia,Rostov,47.59934167,42.37187778,2,PWR,VVER-1000,950,1000
Russia,Rostov,47.59934167,42.37187778,3,PWR,VVER-1000,950,1000
Russia,Rostov,47.59934167,42.37187778,4,PWR,VVER-1000,1011,1030
Russia,Smolensk,54.16916111,33.24663611,1,LWGR,RBMK-1000,925,1000
Russia,Smolensk,54.16916111,33.24663611,2,LWGR,RBMK-1000,925,1000
Russia,Smolensk,54.16916111,33.24663611,3,LWGR,RBMK-1000,925,1000
Slovakia,Bohunice,48.49444444,17.68194444,3,PWR,VVER-440 V-213,472,505
Slovakia,Bohunice,48.49444444,17.68194444,4,PWR,VVER-440 V-213,471,505
Slovakia,Mochovce,48.26388889,18.45694444,1,PWR,VVER-440 V-213,436,470
Slovakia,Mochovce,48.26388889,18.45694444,2,PWR,VVER-440 V-213,436,470
Slovenia,Krško,45.93833333,15.51555556,1,PWR,Westinghouse (WH) 212,688,727
South Africa,Koeberg,-33.67644444,18.43204722,1,PWR,CP-1 (France),930,970
South Africa,Koeberg,-33.67644444,18.43204722,2,PWR,CP-1 (France),930,970
South Korea,Hanbit,35.415,126.4238889,1,PWR,Westinghouse F,960,996
South Korea,Hanbit,35.415,126.4238889,2,PWR,WH F,958,993
South Korea,Hanbit,35.415,126.4238889,3,PWR,OPR-1000,997,1050
South Korea,Hanbit,35.415,126.4238889,4,PWR,OPR-1000,997,1049
South Korea,Hanbit,35.415,126.4238889,5,PWR,OPR-1000,997,1053
South Korea,Hanbit,35.415,126.4238889,6,PWR,OPR-1000,995,1052
South Korea,Hanul,37.09277778,129.3836111,1,PWR,France CPI,960,1003
South Korea,Hanul,37.09277778,129.3836111,2,PWR,France CPI,962,1008
South Korea,Hanul,37.09277778,129.3836111,3,PWR,OPR-1000,994,1050
South Korea,Hanul,37.09277778,129.3836111,4,PWR,OPR-1000,998,1053
South Korea,Hanul,37.09277778,129.3836111,5,PWR,OPR-1000,996,1051
South Korea,Hanul,37.09277778,129.3836111,6,PWR,OPR-1000,996,1051
South Korea,Kori,35.319904,129.290053,2,PWR,WH F,640,681
South Korea,Kori,35.319904,129.290053,3,PWR,WH F,1011,1044
South Korea,Kori,35.319904,129.290053,4,PWR,WH F,1012,1044
South Korea,Shin-Kori,35.319904,129.290053,1,PWR,OPR-1000,996,1046
South Korea,Shin-Kori,35.319904,129.290053,2,PWR,OPR-1000,996,1047
South Korea,Shin-Kori,35.319904,129.290053,3,PWR,APR-1400,1416,1486
South Korea,Shin-Kori,35.319904,129.290053,4,PWR,APR-1400,1418,1455
South Korea,Wolsong,35.71666667,129.4777778,2,PHWR,CANDU-6,655,678
South Korea,Wolsong,35.71666667,129.4777778,3,PHWR,CANDU-6,684,698
South Korea,Wolsong,35.71666667,129.4777778,4,PHWR,CANDU-6,688,703
South Korea,Shin-Wolsong,35.71666667,129.4777778,1,PWR,OPR-1000,991,1043
South Korea,Shin-Wolsong,35.71666667,129.4777778,2,PWR,OPR-1000,960,1000
Spain,Almaraz,39.80805556,-5.696944444,1,PWR,Westinghouse 3 loops,1011,1049
Spain,Almaraz,39.80805556,-5.696944444,2,PWR,WH 3 loops,1006,1044
Spain,Ascó,41.2,0.569444444,1,PWR,WH 3 loops,995,1033
Spain,Ascó,41.2,0.569444444,2,PWR,WH-3 loops,997,1035
Spain,Cofrentes,39.21666667,-1.05,1,BWR,BWR-6,1064,1102
Spain,Trillo,40.70111111,-2.621944444,1,PWR,KWU 3 loops,1003,1066
Spain,Vandellòs,40.95138889,0.866666667,2,PWR,WH 3 loops,1045,1087
Sweden,Forsmark,60.40333333,18.16666667,1,BWR,"ASEA-III, BWR-2500",986,1022
Sweden,Forsmark,60.40333333,18.16666667,2,BWR,"ASEA-III, BWR-2500",1116,1156
Sweden,Forsmark,60.40333333,18.16666667,3,BWR,"ASEA-IV, BWR-3000",1167,1203
Sweden,Oskarshamn,57.41555556,16.67111111,3,BWR,"ASEA-III, BWR-3000",1400,1450
Sweden,Ringhals,57.25972222,12.11083333,1,BWR,ASEA-I,881,910
Sweden,Ringhals,57.25972222,12.11083333,3,PWR,WH 3-loops,1062,1117
Sweden,Ringhals,57.25972222,12.11083333,4,PWR,WH 3-loops,1104,1171
Switzerland,Beznau,47.552107,8.228492,1,PWR,WH 2-loops,365,380
Switzerland,Beznau,47.552107,8.228492,2,PWR,WH 2-loops,365,380
Switzerland,Gösgen,47.36611111,7.966666667,1,PWR,KWU 3-loops,1010,1060
Switzerland,Leibstadt,47.60305556,8.184722222,1,BWR,BWR-6,1220,1275
Taiwan,Kuosheng,25.20277778,121.6625,1,BWR,BWR-6,985,"1,020"
Taiwan,Kuosheng,25.20277778,121.6625,2,BWR,BWR-6,985,"1,020"
Taiwan,Maanshan,21.95833333,120.7513889,1,PWR,WH 312 3-loop,926,951
Taiwan,Maanshan,21.95833333,120.7513889,2,PWR,WH 312 3-loop,928,951
Ukraine,Khmelnytskyi,50.30140556,26.64975,1,PWR,VVER-1000,950,1000
Ukraine,Khmelnytskyi,50.30140556,26.64975,2,PWR,VVER-1000,950,1000
Ukraine,Rivne,51.32777778,25.89166667,1,PWR,VVER-440 V-213,381,420
Ukraine,Rivne,51.32777778,25.89166667,2,PWR,VVER-440 V-213,376,415
Ukraine,Rivne,51.32777778,25.89166667,3,PWR,VVER-1000,950,1000
Ukraine,Rivne,51.32777778,25.89166667,4,PWR,VVER-1000,950,1000
Ukraine,South Ukraine,47.81666667,31.21666667,1,PWR,VVER-1000,950,1000
Ukraine,South Ukraine,47.81666667,31.21666667,2,PWR,VVER-1000,950,1000
Ukraine,South Ukraine,47.81666667,31.21666667,3,PWR,VVER-1000,950,1000
Ukraine,Zaporizhzhia,47.51222222,34.58583333,1,PWR,VVER-1000,950,1000
Ukraine,Zaporizhzhia,47.51222222,34.58583333,2,PWR,VVER-1000,950,1000
Ukraine,Zaporizhzhia,47.51222222,34.58583333,3,PWR,VVER-1000,950,1000
Ukraine,Zaporizhzhia,47.51222222,34.58583333,4,PWR,VVER-1000,950,1000
Ukraine,Zaporizhzhia,47.51222222,34.58583333,5,PWR,VVER-1000,950,1000
Ukraine,Zaporizhzhia,47.51222222,34.58583333,6,PWR,VVER-1000,950,1000
United Kingdom,Dungeness,50.913889,0.963889,B-1,GCR,AGR,520,615
United Kingdom,Dungeness,50.913889,0.963889,B-2,GCR,AGR,520,615
United Kingdom,Hartlepool,54.635,-1.180833333,1,GCR,AGR,595,655
United Kingdom,Hartlepool,54.635,-1.180833333,2,GCR,AGR,585,655
United Kingdom,Heysham,54.02888889,-2.916111111,A-1,GCR,AGR,585,625
United Kingdom,Heysham,54.02888889,-2.916111111,A-2,GCR,AGR,575,625
United Kingdom,Heysham,54.02888889,-2.916111111,B-1,GCR,AGR,610,680
United Kingdom,Heysham,54.02888889,-2.916111111,B-2,GCR,AGR,610,680
United Kingdom,Hinkley Point B,51.209034,-3.127477,1,GCR,AGR,435,655
United Kingdom,Hinkley Point B,51.209034,-3.127477,2,GCR,AGR,435,655
United Kingdom,Hunterston B,55.72209,-4.89009,1,GCR,AGR,460,644
United Kingdom,Hunterston B,55.72209,-4.89009,2,GCR,AGR,460,644
United Kingdom,Sizewell B,52.215,1.61972,1,PWR,WH SNUPPS,1191,1250
United Kingdom,Torness,55.96799,-2.40908,1,GCR,AGR,595,682
United Kingdom,Torness,55.96799,-2.40908,2,GCR,AGR,595,682
United States,Arkansas Nuclear One,35.31027778,-93.23138889,1,PWR,B & W (DRY-Cont.),,846
United States,Arkansas Nuclear One,35.31027778,-93.23138889,2,PWR,CE (DRY),,930
United States,Beaver Valley,40.62333333,-80.43055556,"1
",PWR,WH 3-loop (DRY),,970
United States,Beaver Valley,40.62333333,-80.43055556,"2
",PWR,WH 3-loop (DRY),,920
United States,Braidwood,41.24361111,-88.22916667,,PWR,WH 4-loop (DRY),,"1,121"
United States,Browns Ferry,34.70388889,-87.11861111,1,BWR,BWR-4 (WET),,"1,310"
United States,Browns Ferry,34.70388889,-87.11861111,"2
",BWR,BWR-4 (WET),,"1,310"
United States,Browns Ferry,34.70388889,-87.11861111,"3
",BWR,BWR-4 (WET),,"1,310"
United States,Brunswick,33.95833333,-78.01027778,1,BWR,BWR-4 (WET),,938
United States,Brunswick,33.95833333,-78.01027778,2,BWR,BWR-4 (WET),,920
United States,Byron,42.07416667,-89.28194444,1,PWR,WH 4-loop (DRY),,"1,168"
United States,Byron,42.07416667,-89.28194444,2,PWR,WH 4-loop (DRY),,"1,168"
United States,Callaway,38.76166667,-91.78,1,PWR,WH 4-loop (DRY),,"1,300"
United States,Calvert Cliffs,38.43194444,-76.44222222,1,PWR,CE 2-loop (DRY),,873
United States,Calvert Cliffs,38.43194444,-76.44222222,2,PWR,CE 2-loop (DRY),,863
United States,Catawba,35.05166667,-81.07,1,PWR,WH 4-loop (ICECOND.),,"1,129"
United States,Catawba,35.05166667,-81.07,2,PWR,WH 4-loop (ICECOND.),,"1,129"
United States,Clinton,40.17222222,-88.835,1,BWR,BWR-6 (WET),,"1,043"
United States,Columbia,46.47111111,-119.3338889,1,BWR,BWR-5 (WET),,"1,170"
United States,Comanche Peak,32.29833333,-97.785,1,PWR,WH 4-loop (DRY),,"1,084"
United States,Comanche Peak,32.29833333,-97.785,2,PWR,WH 4-loop (DRY),,"1,124"
United States,Cooper,40.36194444,-95.64138889,1,BWR,BWR-4 (WET),,770
United States,Davis-Besse,41.59666667,-83.08638889,1,PWR,B & W (DRY),,965
United States,Diablo Canyon,35.21083333,-120.8561111,1,PWR,WH DRY,,"1,122"
United States,Diablo Canyon,35.21083333,-120.8561111,2,PWR,WH DRY,,"1,118"
United States,Donald C. Cook,41.97555556,-86.56527778,1,PWR,WH (ICECOND.),,"1,020"
United States,Donald C. Cook,41.97555556,-86.56527778,2,PWR,WH (ICECOND.),,"1,090"
United States,Dresden,41.38972222,-88.26805556,2,BWR,BWR-3 (WET),,867
United States,Dresden,41.38972222,-88.26805556,3,BWR,BWR-3 (WET),,867
United States,Edwin I. Hatch,31.93416667,-82.34388889,1,BWR,BWR-4 (WET),,924
United States,Edwin I. Hatch,31.93416667,-82.34388889,2,BWR,BWR-4 (WET),,924
United States,Fermi,41.96277778,-83.2575,2,BWR,BWR-4 (WET),,"1,098"
United States,Ginna,43.27777778,-77.31,1,PWR,WH 2-loop (DRY),,610
United States,Grand Gulf,32.00722222,-91.04777778,1,BWR,BWR-6 (WET),,"1,500"
United States,H. B. Robinson,34.40277778,-80.15833333,1,PWR,WH 3-loop (DRY),,735
United States,Hope Creek,39.46777778,-75.53805556,1,BWR,BWR-4 (WET),,"1,059"
United States,Indian Point,41.26972222,-73.95222222,3,PWR,WH 4-loop (DRY),,"1,051"
United States,James A. FitzPatrick,43.52333333,-76.39833333,1,BWR,BWR-4 (WET),,838
United States,Joseph M. Farley,31.22305556,-85.11166667,1,PWR,WH (DRY),,900
United States,Joseph M. Farley,31.22305556,-85.11166667,2,PWR,WH (DRY),,920
United States,LaSalle County,41.24555556,-88.66916667,1,BWR,BWR-5  (WET),,"1,200"
United States,LaSalle County,41.24555556,-88.66916667,2,BWR,BWR-5 (WET),,"1,200"
United States,Limerick,40.22666667,-75.58722222,1,BWR,BWR-5 (WET),,"1,134"
United States,Limerick,40.22666667,-75.58722222,2,BWR,BWR-5 (WET),,"1,134"
United States,McGuire,35.4325,-80.94833333,1,PWR,WH (ICECOND.),,"1,100"
United States,McGuire,35.4325,-80.94833333,2,PWR,WH (ICECOND.),,"1,100"
United States,Millstone,41.3119,-72.1686,2,PWR,CE 2-loop (DRY),,882
United States,Millstone,41.3119,-72.1686,3,PWR,WH (DRY),,"1,155"
United States,Monticello,45.33361111,-93.84916667,1,BWR,BWR-3 (WET),,647
United States,Nine Mile Point,43.52083333,-76.40694444,1,BWR,BWR-2 (WET),,621
United States,Nine Mile Point,43.52083333,-76.40694444,2,BWR,BWR-5 (WET),,"1,140"
United States,Oconee,34.79388889,-82.89805556,1,PWR,B & W (DRY),,846
United States,Oconee,34.79388889,-82.89805556,2,PWR,B & W (DRY),,846
United States,Oconee,34.79388889,-82.89805556,3,PWR,B & W (DRY),,846
United States,Palisades,42.32277778,-86.31444444,1,PWR,CE 2-loop (DRY),,800
United States,Palo Verde,33.38916667,-112.865,1,PWR,CE80 2-loop (DRY),,"1,447"
United States,Palo Verde,33.38916667,-112.865,2,PWR,CE80 2-loop (DRY),,"1,447"
United States,Palo Verde,33.38916667,-112.865,3,PWR,CE80 2-loop (DRY),,"1,447"
United States,Peach Bottom,39.75833333,-76.26805556,2,BWR,BWR-4 (WET),,"1,382"
United States,Peach Bottom,39.75833333,-76.26805556,3,BWR,BWR-4 (WET),,"1,382"
United States,Perry,41.80083333,-81.14333333,1,BWR,BWR-6 (WET),,"1,231"
United States,Point Beach,44.28111111,-87.53666667,1,PWR,WH 2-loop (DRY),,510
United States,Point Beach,44.28111111,-87.53666667,2,PWR,WH 2-loop (DRY),,516
United States,Prairie Island,44.62166667,-92.63305556,1,PWR,WH 2-loop (DRY),,548
United States,Prairie Island,44.62166667,-92.63305556,2,PWR,WH 2-loop (DRY),,548
United States,Quad Cities,41.72638889,-90.31,1,BWR,BWR-4 (WET),,912
United States,Quad Cities,41.72638889,-90.31,2,BWR,BWR-4 (WET),,912
United States,River Bend,30.75666667,-91.33333333,1,BWR,BWR-6 (WET),,978
United States,Salem,39.46277778,-75.53555556,1,PWR,WH 3-loop (DRY),,"1,174"
United States,Salem,39.46277778,-75.53555556,2,PWR,WH 3-loop (DRY),,"1,130"
United States,Seabrook Station,42.89888889,-70.85083333,1,PWR,WH (DRY),,"1,194"
United States,Sequoyah,35.22638889,-85.09166667,1,PWR,WH 4-Loop (ICECOND.),,"1,148"
United States,Sequoyah,35.22638889,-85.09166667,2,PWR,WH 4-Loop (ICECOND.),,"1,126"
United States,Shearon Harris,35.63333333,-78.955,1,PWR,WH 3-Loop (DRY),900,960
United States,South Texas,28.79555556,-96.04888889,1,PWR,WH 4-loop (DRY),,"1,250"
United States,South Texas,28.79555556,-96.04888889,2,PWR,WH 4-loop (DRY),,"1,250"
United States,St. Lucie,27.34861111,-80.24638889,1,PWR,CE (DRY),,"1,002"
United States,St. Lucie,27.34861111,-80.24638889,2,PWR,CE (DRY),,"1,002"
United States,Surry,37.16555556,-76.69777778,1,PWR,WH 3-loop (DRY),,799
United States,Surry,37.16555556,-76.69777778,2,PWR,WH 3-loop (DRY),,799
United States,Susquehanna,41.08888889,-76.14888889,1,BWR,BWR-5 (WET),,"1,350"
United States,Susquehanna,41.08888889,-76.14888889,2,BWR,BWR-5 (WET),,"1,350"
United States,Turkey Point,25.43416667,-80.33055556,1,PWR,WH 3-loop (DRY),,900
United States,Turkey Point,25.43416667,-80.33055556,2,PWR,WH 3-loop (DRY),,900
United States,Virgil C. Summer,34.29861111,-81.31472222,1,PWR,WH 3-Loop (DRY),,"1,000"
United States,Vogtle,33.14333333,-81.76055556,1,PWR,WH (DRY),,"1,215"
United States,Vogtle,33.14333333,-81.76055556,2,PWR,WH (DRY),,"1,215"
United States,Waterford,29.99527778,-90.47111111,1,PWR,CE 2-loop (DRY),,"1,218"
United States,Watts Bar,35.60277778,-84.78944444,1,PWR,WH (ICECOND.),,"1,167"
United States,Watts Bar,35.60277778,-84.78944444,2,PWR,WH (ICECOND.),,"1,165"
United States,Wolf Creek,38.23888889,-95.68888889,1,PWR,WH (DRY),,"1,250"
